Birthday,ColorName,ColorNameKana,ColorCode,ColorWords,Personality
01/01,純白,じゅんぱく,#FFFFE5,純粋・優雅・シンプル,心の美しい最高の女性
01/02,フロスティホワイト,Frostie White,#E6EAE6,感性・論理・清浄,美学的な思索のとりこ
01/03,シルバーグレイ,Sliver Gray,#AFAFB0,勇気・バランス・経営力,気高い心の持ち主
01/04,アルミニウムグレイ,Aluminum Gray,#8D9192,明るさ・エネルギー,恐れを知らぬ明るい挑戦者
01/05,スチールグレイ,Steel Gray,#736D71,直観力・洞察力・潜在力,機転のきくしっかり者
01/06,葡萄鼠,ぶどうねずみ,#705B67,倫理観・スピード感・冒険心,ドラマチックな生活の実践者
01/07,漆黒,しっこく,#0D0015,情熱・才能・想像力,目標に向かってチャレンジする発想豊かな情熱家
01/08,シトロンイエロー,Lemonade Yellow,#b8c43a,宗教的感情・宇宙的構想,自然を愛する叙情家
01/09,苔色,こけいろ,#69821b,才気煥発・神秘性・想像力,人の温かさを感じられる人
01/10,草色,くさいろ,#7b8d42,英知・芸術・洗練,広大な感情世界の持ち主
01/11,ミストグリーン,Mist Green,#bdd99f,努力・才能・勇気,新時代をつくる理想的な人
01/12,白緑,びゃくいろ,#d6e9ca,気品・外交・洞察力,思いきりのいいチャレンジャー
01/13,パロットグリーン,Parrot Green,#37a34a,行動力・謙遜・沈着冷静,自分の生き方を持つ自立者
01/14,グラスグリーン,Grass Green,#7b8d44,感性・ユーモア・熟成,感情の成熟を待つ芸術家
01/15,深緑,ふかみどり,#00552e,信条・模範・慈愛,星の輝きのような瞳の持ち主
01/16,ホワイトリリー,WhiteLily,#f0f6da,大胆・想像力・信念,自然を愛する実践家
01/17,萌黄色,もえぎいろ,#006e54,生活意識・指導力・微笑み,度胸と好奇心のある美食家
01/18,フォーリッジ,Foliage,#47744b,誠実・洗練・謙虚,純粋さを保つ幼き者
01/19,リーフグリーン,Leaf Green,#9fc24d,優しさ・自尊心・精神性,何ごとも一生懸命な努力家
01/20,フォレストグリーン,Forest Green,#288c66,エネルギー・自己への投資,理想像をはっきり持つ者
01/21,空色,そらいろ,#a0d8ef,感性・可能性・芸術性,美しいものを感じとる才能
01/22,浅葱色,あさぎいろ,#00a3af,幸福・愛・友情,思いやりのある人
01/23,露草,つゆくさ,#38a1db,若々しさ・情緒・集中力,平和で静穏な心の持ち主
01/24,鴨羽の色,かものはいろ,#00688b,頭脳明晰・誠実・感受性,楽しい夢に向う楽天家
01/25,濃藍,こいあい,#0f2350,理想・現実・新生活,スムーズな生活ができる人
01/26,クリーム,Cream,#e3d7a3,豊かな表情・組織・機知,太陽のような個性の持ち主
01/27,ペールレモン,Peer Lemon,#fef400,着こなし・神秘的な眼,あか抜けた雰囲気な者
01/28,タンポポ色,たんぽぽいろ,#ffd900,冒険・明るさ・好奇心,生まれながらの楽天家
01/29,若草色,わかくさいろ,#c3d825,運動神経・知覚力・名誉,並はずれた説得力のある者
01/30,メドーグリーン,Medo Green,#529c47,あふれる愛・動物好き,動植物と相性のいい者
01/31,若芽色,わかめいろ,#e0ebaf,センチメンタル・社会的順応,傷つきやすいロマンチスト
02/01,コーンフラワーブルー,Cone Flower Blue,#3f4e93,文化的・社会的,社会的にも特に認められた芸術家
02/02,若紫,わかむらさき,#bc64a4,想像力・敬慕・直観力,人とはっきり差をつける個性派
02/03,ディープロイヤルブルー,Deep Royal Blue,#21297e,直観力・はにかみ・威厳,自分の価値を知っている生来のプリンセス
02/04,紅藤色,べにふじいろ,#cca6bf,感性・才気煥発・外向性,人と違う自分でいたい個性派
02/05,パンジーパープル,Pansy Purple,#50347e,宗教的・詩的な恍惚・神秘と夢幻,進むべき道を知っている霊感の持ち主
02/06,ペールライラック,Peer Lilac,#debdd8,家庭・表現力・気高さ,人を感動させる力を秘めた人
02/07,モーベット,Mobed,#b269a1,自主性・天才的資質・感性,ひたむきで使命感のある期待の星
02/08,バーガンディー,Burgundy,#6c2735,情熱的な瞳・可愛らしさ・思慮深さ,ものまね上手な可愛いいたずら者
02/09,フクシャパープル,Fuchsia Purple,#ea4a6e,国際感覚・活発・指導者,活躍する人間・味あふれる熱血漢
02/10,ローズレッド,Rose Red,#ea618e,愛情・感受性・知性,人を助けて励ます優しい人
02/11,紅色,べにいろ,#d3336f,開放的・単純明快・表現力,何ごとにも心から喜べる素直な人
02/12,カーミン,Carmine,#d5345e,外交的・情熱・激しい感情,もの静かでも積極的な行動派
02/13,鶯色,うぐいるいろ,#585b54,家庭・几帳面・向上心,自分の価値観を大切に育てる芸術家
02/14,海松色,みるいろ,#726d40,二律背反・誠実・気品と威厳,都会的なセンスを備えた人
02/15,勿忘草色,わすれなぐさいろ,#89c3eb,友情・平和・調和,行動前に２度考える慎重派
02/16,スモークブルー,Smoke Blue,#a4c1d7,謙虚・堅実・克己心,常に自分を高めようとする努力家
02/17,スマルト,Smalto,#4c5e74,根気・完全主義・品格,ものごとにのめりこんでしまう熱中タイプ
02/18,チョコレート,Chocolate,#6c3524,不屈の魂・ひらめき・自己正当化,自分の考えの正しさを主張できる人
02/19,紺色,こんいろ,#223a70,大器・指導者・感性,自分が向かっている道を知る識者
02/20,鳥の子色,とりのこいろ,#fff1cf,魅惑・個性・節度,独創的なセンスを持つ個性派
02/21,ライムライト,Lime Light,#fff799,魅惑・個性・節度,強烈な個性と主張を持つ人
02/22,鬱金色,うこんいろ,#fabf14,感性・楽しい雰囲気・芸術的才能,楽しく目新しさを追求する楽天家
02/23,菜の花色,なのはないろ,#ffec47,人道主義・不言実行・ロマンチスト,人々に歓喜の爆発を起こさせる行動派
02/24,リードグリーン,Lead Green,#d8e2ae,リラックス・社交的・前向き,いつも希望を抱き前に進もうとする人
02/25,ミストホワイト,Mist White,#e5e8e1,目的・感銘・名誉,ねばり強さで目的をとげる努力家
02/26,裏葉色,うらばいろ,#becebc,円満・努力・正確,難問にも全力を傾ける挑戦者
02/27,柳茶,やなぎちゃ,#a1a46d,楽しい会話・おおざっぱ・開放,しきたりに束縛されない人気者
02/28,オリーブグリーン,Olive Green,#5f6527,感性・堅実・優雅,人との交流を大切にする人
02/29,アイビーグリーン,Ivy Green,#578a3d,道徳・知能・構想,友だちの面倒をよくみる人
03/01,一斤染,いっこんぞめ,#f5b199,責任感・気くばり・優しさ,人を活気づけてくれる元気者
03/02,ベビーピンク,Bby Pink,#fdede4,理想・家庭的温かさ・包容力,幸せな家庭を彷彿とさせる人
03/03,鴇色,ときいろ,#f4b3c2,精神的恋愛・礼儀・あでやかさ,愛されていることを知ると美しく輝く人
03/04,ポピーレッド,Poppy Red,#ea5550,主役・高尚・敏感,平均的では満足しない人
03/05,チェリーレッド,Cherry Red,#cf0125,現実主義・豊かな感性・情熱,地に足のついた考えを持つしっかり者
03/06,桜色,さくらいろ,#fef4f4,愛情・思いやり・健全,人を感動させる力を秘めた人
03/07,サーモンピンク,Salmon Pink,#f3a68c,優しさ・気づかい・感性,人の幸せを心から願える人格者
03/08,紅梅色,こうばいいろ,#f2a0a1,愛情・安定した精神・女性らしさ,愛に満ちあふれた女らしい人
03/09,珊瑚色,さんごいろ,#f5b1aa,意欲旺盛・勇猛果敢・外交的,憧れを実現しようと試みる行動派
03/10,シグナルレッド,Signal Red,#e8383d,ロマンチスト・持続力・指導者,多くの分野で活躍する元気者
03/11,砥粉色,とのこいろ,#f4dda5,慈悲深さ・情熱・手際よさ,温かく寛大な心の持ち主
03/12,オレンジバーミリオン,Orange Vermillion,#e65454,無邪気・感性・純粋,人を正しい方向に導く天使
03/13,柿色,かきいろ,#ed6d3d,健やかな心身・組織力・大望,健やかな自分をアピールする元気者
03/14,スカーレッド,Scar Red,#e23620,エネルギー・明朗活発・情熱,はなやかで活気に満ちた行動派
03/15,ルージュ,Rouge,#d11c1e,活発・健康・外向性,自発的にアクションを起こす情熱家
03/16,薄紅藤,うすべにふじ,#d2a4c8,直観力・精神高揚・気高さ,心も体も女性らしい素直な人
03/17,モーブ,Mauve,#915da3,想像力・生活センス・エキゾチック,次々と新しいものをつくり出す創造者
03/18,カンパヌラパープル,Campanula Purple,#985b9e,鋭敏・神秘的・高貴,あらゆるものに敏感な神秘的な人
03/19,ビオレ,Biore,#581074,落ち着き・健康・安定感,湖のように心が静かで美しい人
03/20,古代紫,こだいむらさき,#895b8a,落ち着き・品位・宗教的な高貴さ,いつも冷静にものごとを判断できる人
03/21,ペールオーキッド,Peer Orchid,#aaa7d0,天賦の才能・神秘的・世事に無関係,自分のまわりの環境を美しく変える人
03/22,ディープモーベット,Deep Moo Bet,#ba64a0,品格・デリケート・控えめ,どこでもだれからも好かれる人気者
03/23,江戸紫,えどむらさき,#745399,安定・洗練・芸術的才能,けっして思い上がらない品格者
03/24,マロー,Marrow,#934491,直感的性質・高尚な趣味・主観的,心の友人を求めるロマンチス
03/25,ワインレッド,Wine Red,#b33e5c,主役の風格・個性・自信,直観力と威厳で名を馳せる芸術家
03/26,シルバーグリーン,Silver Green,#cae2c6,新たな可能性・行動力・明哲な判断力,果敢に取り組む努力家
03/27,オパールグリーン,Opal Green,#bee0ce,天賦の美貌・精神の陶冶・自己表現,花の生命の広がりのように美しい人
03/28,ペールアクア,Peer Aqua,#a7d3cf,感謝・教養・思いやり,葉から不思議な香りが漂う人
03/29,スプレーグリーン,Spray Green,#a3d3dd,謙虚・きまじめ・専門的知識,複雑な問題もあっさり片づける人
03/30,パステルブルー,Pastel Blue,#49bdf0,トレンド・情熱と安らぎ,創作力を培うロマンチスト
03/31,ストロー,Straw,#ece093,激励・深い感動・歓喜と悲哀,自由に行動できるスポーツマン
04/01,薄桜,うすざくら,#fdeff2,洗練・友人・ほほえみ,幸せな雰囲気をつくり出すロマンチスト
04/02,シェルピンク,Shell Pink,#fbdac8,詩的情緒・頭脳明晰・純粋,天才的感性表現を持ち合わせた努力家
04/03,フクシャピンク,Fuchsia Pink,#f5a0bd,思いやり・無邪気・想像力と技巧,トレンドを読み取る感覚にすぐれた人
04/04,ディープオーキッドピンク,Deep Orchid Pink,#e383a4,情緒・社交的・新たな目標,温かいもてなしに満ちた人
04/05,青藤色,あおふじいろ,#84a2d4,人づきあい・秘めた情熱・洗練,全身に注意が行き届いたベストドレッサー
04/06,チョークブルー,Chalk Blue,#68a9cf,無邪気・澄んだ視線・洗練,現実から遊離して美しさを求める人
04/07,白百合,しらゆり,#f1f5dc,多才・内向性・創意工夫,いろいろなことに興味を抱いて工夫する努力家
04/08,薄緑色,うすみどりいろ,#69b076,希望・用意周到・敬愛,ほのぼのとした存在感を漂わせる人
04/09,支子色,くちなし,#fbca4d,スポーツ感覚・流れる動作・高い知見,与えられた状況に応じて行動できる人
04/10,パンプキン,Pumpkin,#e5a323,澄んだ瞳・清純・緻密な志向,若い世代の感性を究め尽くした先駆者
04/11,蒸栗色,むしくりいろ,#ecdecf,努力家・リアリスト・陽気,世事に通じた堅実な職人肌
04/12,利休白茶,りきゅうしろちゃ,#a29779,伝統・技巧・主張,伝統を重んじる技術ある自信家
04/13,フォロスティグレイ,Frosty Gray,#e8ece9,楽観的・明るさ・哲学的,多感で豊かな生活経験を持つユーモア人
04/14,鼠色,ねずみいろ,#949495,美貌・しなやかさ・思いやり,人の魂をとりこにする天女のような人
04/15,ペールミストホワイト,Pale Mist White,#d5dad4,中立不偏・保守的・伝統,義理人情に厚く正義感に満ちた人
04/16,スカイグレイ,Sky Gray,#cbd0d3,穏健・快活・謙遜,仕事をそつなくこなす穏健派
04/17,バトルシップグレイ,Battleship Gray,#898989,実直・責任感・客観的,どんな障害にもたじろがない堅実派
04/18,スレートグレイ,Slate Gray,#626063,機知・誇り・良心,喜びを得るために猛進する行動派
04/19,消炭色,けしずみいろ,#524e4d,厳粛・誠実・技量,洞察力と技量を兼ね備えた人
04/20,若苗色,わかなえいろ,#c7dc68,規律・言葉づかい・愛情,清らかでキラキラした感性の持ち主
04/21,若菜色,わかないろ,#d8e698,温厚・誠意・センチメンタル,常に率直な姿勢で臨む素直な人
04/22,鸚緑,おうりょく,#2aa74b,リーダーシップ・指導者,働くことが好きな人
04/23,葦葉色,あしばいろ,#88cb9d,調和・順応・人間関係,社会の信用を集めるしっかり者
04/24,スプラウト,Sprout,#a3d49c,優雅・優しさ・文学,文学に心ひかれる優しい人
04/25,エルブ,Elubu,#79c288,繊細・スポーツ・時間,仕事に手ごたえを感じる挑戦者
04/26,ディープピーグリーン,Deep Pea Green,#79c266,向上心・人のため・完成の喜び,才能を磨くことを忘れない努力家
04/27,エメラルドグリーン,Emerald Green,#00a968,人生・経験・鍛錬,夢を求め、挑戦する人
04/28,ターコイズグリーン,Turquoise Green,#00947a,成熟・バランス・創意,多種多様な計画を生み出すアイデアマン
04/29,薄浅葱,うすあさぎ,#00a6af,ナイーブ・神秘性・癒し,ナイーブな心の持ち主
04/30,アジュールブルー,Azure Blue,#00b2bc,助け合い・行動・成長,成長する人（満足することなく、妥協もしない人）
05/01,ターコイズ,Turquoise,#009b9f,機敏な行動・叙情性・失敗を恐れない,誰からも愛される人気者
05/02,マラカイトグリーン,Malachite Green,#009854,情熱的な瞳・ユーモア・静寂,社交的に振る舞いながらも喧騒を嫌う自然派
05/03,ティールグリーン,Tyr Green,#01686d,大地への憧憬・ロマンチック・牧歌的,澄んだ小川や耕地にあこがれる牧歌的な人
05/04,小鴨色,こがもいろ,#014127,再生能力・経営力・刷新力,正々堂々とした勝利のカギをにぎる人物
05/05,水色,みずいろ,#bce2e8,奔放な表現力・洞察力・主役,理念を形にできる芸術家
05/06,フォゲットミーナットブルー,Foget Me Nut Blue,#70c6f5,直観力・優しさ・アイデア,女性らしさを忘れずに才能を発揮する人
05/07,群青色,ぐんじょういろ,#4c6cb3,思慮深さ・規律正しさ・しなやか,自分の長所を理解し称賛を浴びるマドンナ
05/08,千歳みどり,ちとせみどり,#316745,丁寧・辛抱・謙遜,熟考してから発言する慎重派
05/09,パラキートグリーン,Parakeet Green,#2cb232,調和・バランス,調和とバランスのとれた行動派
05/10,エッグシェル,Egg Shell,#f5f6ca,少女らしさ・感傷的・寛大,たわむれの恋におちいらないしっかり者
05/11,レタスグリーン,Lettuce Green,#d1de4c,新しもの好き・挑戦・話好き,失敗を覚悟で新しいことに臨む挑戦者
05/12,シャルトルーズイエロー,Chartreuse Yellow,#e3e548,グルメ・社交的・田園的生活,誠実な人柄と社交性が混在した人
05/13,枯草色,かれくさいろ,#e4dc8a,正確な理解力・アイデアの具体化,自分の考えを適確に言葉にできる才人
05/14,オリーブ,Olive,#72640c,自然・優しさ・生活を見すえる眼,花や草を愛し育てる喜びを知る自然派
05/15,コロニアルイエロー,Colonialism Yellow,#d0c67c,良心・向上心・体系化,常に知識を蓄える心を持つ向上心豊かな人
05/16,ペールマスタード,Peer Mustard,#a49627,実直な生活・細心の注意・強情な気性,堅実でガンコな気質の名人肌
05/17,ゴールデンオーカー,Golden Ocher,#8d6f2f,明敏さ・抜け目なさ・洞察力,自分の見解を譲ろうとしないガンコ者
05/18,オリーブ茶,おりーぶちゃ,#464646,適確な発言・学識・保守的,知識が充実した穏健派
05/19,千歳茶,せんさいちゃ,#494a41,中立不偏・公平無私・バランス,どんな問題にも対応できるすぐれた者
05/20,ディープアクア,Deep Aqua,#8ccab0,センチメンタル・美しい容貌,センチメンタルな幸福の女神
05/21,緑賞色,りょくしょういろ,#47885e,頭脳明晰・技巧・適応能力,常に刺激や感動を求め続ける前向きな人
05/22,スプルースグリーン,Spruce Green,#036122,律儀な働き者・ハッピーエンド・バランス,無償の愛情にあふれた人情家
05/23,ボトルグリーン,Bottle Green,#034415,自然・個性・寛容,いつも朗らかで人をとがめない心の広い人
05/24,サイプレスグリーン,Cypress Green,#264939,調和と協力・気くばり・まとめ役,みんなから信頼を集めるあねご肌
05/25,ネープルズイエロー,Naples Yellow,#face9d,朗らか・順風満帆・スポーツ,面倒見がよく人に慕われる人気者
05/26,マリーゴールドイエロー,Mari Gold Yellow,#f9cc77,生命力・ロマンチスト・情熱,太陽のように陽気な健康美の麗人
05/27,山吹色,やまぶきいろ,#f8b500,たくましさ・英知・束縛からの解放,陽気で温かい心を持つ自由を愛する人
05/28,オールドゴールド,Old Gold,#b36029,伝統の継承・観察力・仕事を趣味に,仕事を楽しみながらできるしっかり者
05/29,コーヒーブラウン,Coffee Brown,#7a5347,規律・模範・自信,常に向上できる技量を持った人
05/30,灰桜,はいざくら,#e8d3d1,ロマンチスト・知識・思いやり,優雅さと洗練されたシルエットの持ち主
05/31,薄紅,うすべに,#f0908d,豊かな教養・崇高な理想・才媛,ものごとをテキパキとこなす敏腕家
06/01,ペールクロッカス,Peer Crocus,#bea2ca,女性らしさ・自分への投資・うぬぼれ,気高さを持つ女性の中の女性
06/02,菫色,すみれいろ,#7058a3,気まぐれ・気前・チャーミング,けっして媚びへつらわない気高い女性
06/03,プルプル,Pluplu,#5c1767,のんきな・真理の探究・孤独な闘い,常にバランスを心がける人
06/04,ペールホワイトリリー,Pale White Lily,#f7f7d9,無邪気・豊かな才能・刺激,子ども時代に戻る願望を持つ純真な心の持ち主
06/05,ペールフレシュグリーン,Pale Fresh Green,#ddeab2,規則正しい生活・逆境への強さ,リズムのある生活を楽しむ人
06/06,メロンイエロー,Melon Yellow,#e0de94,人道主義・サービス精神・洞察力,人間関係を大切にする平穏な心の持ち主
06/07,エルムグリーン,Elm Green,#657d61,清廉潔白・強靭な精神力・愛想,コミュニケーション上手な国際派
06/08,オリーブドラブ,Olive Drab,#665a1a,愛情・バランス・語学堪能,他人の見解や行為を寛容に受け入れられる人
06/09,クリーム,Cream,#fff8a8,身だしなみ・洗練・品格,見目よい容姿が周囲の注目を集める品格者
06/10,レモンイエロー,Lemon Yellow,#fff352,明るさ・現実・経営力,明るくまわりの人を元気づける自信家
06/11,黄水仙,きすいせん,#f6d700,学問・研究開発・企画力,最先端に立って研究を楽しむ情熱家
06/12,サフランイエロー,Saffron Yellow,#fac559,体力・整った容姿・身だしなみ,バランスよく食べる事を楽しみにする人
06/13,向日葵色,ひまわりいろ,#fcc800,話し好き・健康的な生活・向上心,希望に胸をふくらませる明るい人
06/14,アイボリー,Ivory,#f8f4e6,信頼・誠実・保守的,中間的立場をとる控えめな人
06/15,ライトアプリコット,Light Apricot,#f7b894,我慢強さ・猪突猛進・好奇心,徹底した誠実ぶりが長所の人
06/16,黄土色,おうどいろ,#c39143,評価・刻苦精励・ねばり強さ,努力により目標達成に近づくコツコツ型
06/17,オールドローズ,Old Rose,#e29399,感情的安定感・仕事が趣味,経験を知識と技術として蓄える注目の人
06/18,マホガニーブラウン,Mahogany Brown,#724943,自信・落ち着き・自然との生活,ユーモアのセンスにあふれた堅実派
06/19,卵色,たまごいろ,#fcd575,スポーツ・健康・組織づくり,スポーツ好きで力尽きるまでやる頑張り屋
06/20,サンライトイエロー,Sunlight Yellow,#f19d45,社交的・友人・エネルギー,常に行動をもって先導する模範生
06/21,金茶,きんちゃ,#f39800,芸術・スポーツ・グルメ,料理道具にもこだわる美食家
06/22,ガーネットブラウン,Garnet Brown,#973b2c,エネルギー・忘我の境地・話し好き,人好きで愛想をふりまくはしゃぎ屋
06/23,海老茶,えびちゃ,#773c30,希望・向上心・指導力,人生経験により円熟する寛大な人
06/24,ライトオーキッドピンク,Light Orchid Pink,#f9bdc5,ほほえみ・優しさ・永遠の女性,妖精のように気品にあふれた人
06/25,ペールチェリーピンク,Peer Cherry Pink,#e1849e,勇気・優雅・安らぎ,人の心をとらえる控えめな人
06/26,カーネーションピンク,Carnation Pink,#eb5381,人なつこさ・崇高・プラトニック,好意的で人に親しまれる永遠の恋人
06/27,ローズピンク,Rose Pink,#f19ca7,激しい気性・外交的・希望,周囲の人を激励しチャンスを与える情熱家
06/28,ペッパーレッド,Pepper Red,#cf0141,エネルギー・澄んだ心・友人,気前のよさで人から慕われる才人
06/29,ベビーブルー,Baby Blue,#bbe2f1,平和な心・静穏・思慮深さ,他人のニーズに敏感に対応できる人
06/30,薄群青,うすぐんじょう,#5383c3,個性・理想・向上心,周囲を飲みこむような魅力の持ち主
07/01,ダックブルー,Duck Blue,#007199,平和・空想・環境問題,地球を一つの生命体と考えるエコロジスト
07/02,コバルトブルー,Cobalt Blue,#0068b7,手際よさ・整った身なり・繊細,感性豊かな洗練された都会派
07/03,インクブルー,Ink Blue,#003f8e,気品・耐える人・自信,人も羨むほどの自信家
07/04,アクア,Aqua,#3fb5d3,静穏・崇高・自己発展,心理状態を上手にコントロールできる人
07/05,ペールサックスブルー,Peer Sax Blue,#4593A0,感性・自由・秘めた情熱,愛情に満ちた静かな気質の人
07/06,新橋色,しんばしいろ,#59b9c6,状況判断・意思決定力・信念,前向きな姿勢で仕事も生活も楽しめる人
07/07,ブルーカナール,Blue Canal,#016171,聡明・大望・チャンス,一を聞いて十を知る多才さが魅力の人
07/08,マリンブルー,Marine Blue,#006888,多芸多才・努力・落ち着き,努力により真理を追究する情熱家
07/09,パールホワイト,Pearl White,#f7f6f5,秘密・孤独・正義感,人から頼られることを好む高潔な人物
07/10,ペールパステルブルー,Peer Pastel Blue,#608fc3,優しさ・甘美・謙虚,女性の美しさを象徴する人
07/11,ラベンダーブルー,Lavender Blue,#5371ad,礼儀・審美眼・色彩感,人をうっとりさせる魅力のある人
07/12,マジョリカブルー,Majorica Blue,#044182,教養・上品・幸せな未来,真理を追究する人びとの指導者
07/13,紺青,こんじょう,#192f60,自尊心・滅私奉公・直観力,不幸な人を見過ごせない慈悲深い人
07/14,ディープベビーピンク,Deep Baby Pink,#fdede6,感性・真心・温かさ,前向きな姿勢で仕事も生活も楽しめる人
07/15,ペールモーベッド,Peer Mho Bet,#b370a6,繊細・暗示・慎み深さ,かわいいものに引かれる優美な人
07/16,ファウンテンブルー,Fountain Blue,#94adda,踊りと音楽・自由・個性,自由奔放な生活を望む人
07/17,サルビアブルー,Salvia Blue,#6b76ae,経営力・洗練・機知,道を究めるべくして存在する女性
07/18,ロイヤルパープル,Royal Purple,#7f1184,知性・神秘性・ほのかな香り,助けた人はみな成功する才覚の持ち主
07/19,ディープシェルピンク,Deep Shell Pink,#f7a7a0,繊細・人を楽しませる・温かさ,いつも慎ましい変わらぬ愛の持ち主
07/20,小麦色,こむぎいろ,#e49e61,思いやり・空想的・感受性,優美さに恵まれた妖精のような女性
07/21,ハバナローズ,Havana Rose,#c56950,奥ゆかしさ・躍動・母性愛,美しさと礼儀正しさが一体となった人
07/22,臙脂,えんじ,#b94047,支持・向上心・弾力的思考,自分の力量を自覚し向上させる人
07/23,茜色,あかねいろ,#b7282e,厳格・可能性・積極性,世界的視野を持つ穏健派
07/24,キューピッドピンク,Cupid Pink,#f5949f,ほほえみ・良識・質素,飾り気のない香気で人を陶酔させる美人
07/25,ロータスピンク,Lotus Pink,#de82a7,永久不変の理念・明るさ・献身と抵抗,気品ある精神の持ち主
07/26,ローズマダー,Rose Mader,#af363b,愛敬・優雅・ユーモア,人の内面に響く言動で感動させる情熱家
07/27,クリムソン,Crimson,#8d3446,経験・才能・行動力,女性の成熟が混在する多感な人
07/28,黒柿色,くろがきいろ,#404040,ユーモア・ナイーブ・英知,気高い理想と洗練された精神を宿す情熱家
07/29,セルリアンブルー,Cerulean Blue,#008db7,誠実・霊感・思いやり,真心を込めて人に接する優しい気持ちの持ち主
07/30,ピーコックブルー,Peacock Blue,#009e9f,深い愛情・調和・友情,自分を知り向上できる人
07/31,プルシアンブルー,Pull Cyan Blue,#044d78,神秘的・クールな印象・明るさ,表情に表さなくても心の奥で感動する人
08/01,ブルーシェル,Blue Shell,#438cb5,社交的・我慢と根気・誠実,だれにでも誠実に対応できる社交的な人
08/02,ペールヨットブルー,Peer Yacht Blue,#0098d4,知能・責任・スピーディ,内向的で格式ばったことを好む保守主義者
08/03,ヨットブルー,Yacht Blue,#409ecc,謹厳実直・完全主義・人脈づくり,人を心の底から信じる頼もしい人格者
08/04,シアンブルー,Cyan Blue,#0063a7,気高さ・品格・頂点,粘り強く困難に立向う忍耐力のある人
08/05,瑠璃色,るりいろ,#1e50a2,人間性・おだやか・信頼・尊敬,人に愛される人、信頼される人、尊敬される人
08/06,ラピスラズリー,Lapis Lazuli,#004c97,粗野と高貴・意思決定力・教養,思いやりに満ちた知的な人
08/07,ロイヤルブルー,Royal Blue,#02428c,チャーミング・機知・芸術愛好,知ることを求めて突き進む探検家
08/08,紺瑠璃,こんるり,#164a84,神秘的直観・素朴な疑問・勝負,直観の彼方を見つめつづける人
08/09,ネービーブルー,Navy Blue,#202f55,知的・文化・洗練,俗悪なものを嫌うロマンチスト
08/10,ハイドレンジアブルー,Hyde Renzia Blue,#3f61a1,芸術・才能・表現力・心優しい,感性を磨いて美しく表す芸術家
08/11,桑の実色,くわのみいろ,#55295b,直観・信念・宗教,精神的なものに感じやすい神秘主義者
08/12,藤鼠,ふじねず,#a6a5c4,情熱・孤独・節度,自分の存在を見つめるロマンチスト
08/13,白郡,びゃくぐん,#83ccd2,感性・機敏・信念,堅実な人柄で信頼と尊敬を集める人
08/14,ミヨゾティ,Myosotis,#4cb8e7,輝く美声・生気・表現力,人の心を高みに誘う美声の持ち主
08/15,黄色,きいろ,#ffd911,機知・優しい心・家庭的,温かい愛情に包まれて育った聡明な人
08/16,ライトクリーム,Light Cream,#fffa9c,感性の蓄え・意思・リズム感,感性を動きとリズムで表現する天才
08/17,プリムローズイエロー,Primrose Yellow,#fff97d,愛と友情・好奇心・探求心,色とりどりの少女時代を送った無垢な人
08/18,柑子色,こうじいろ,#f6ad49,至高の精神・明朗・自由闊達,精神を重視する賢者
08/19,ゴールデンオレンジ,Golden Orange,#f79101,自分本位・一番乗り・健康,No.1を求める誇り高き人
08/20,蜜柑色,みかんいろ,#f08300,エネルギー・大望・現実的,心身ともに健康な現実主義者
08/21,肉桂色,にっけいいろ,#dd7a56,エネルギー・人間関係・情勢分析,バランスをとり全体をまとめる指導者
08/22,ゴールデンコーン,Golden Corn,#ffcc83,感情移入・創作力・人間関係,ユニークに広がる心の持ち主
08/23,ディープサンフラワー,Deep Sunflower,#feae01,タイミング・行動のリズム・美学のセンス,ものごとを両面から見てとれる創造者
08/24,イエローオーカー,Yellow Ocher,#c4972f,努力・トレーニング・行動,自分をより高めようとする努力家
08/25,バフ,Buff,#caac71,節度・平和・優雅,人間関係を大切にする礼儀正しい人
08/26,煙草色,たばこいろ,#7d541c,堅実・組織力・現実主義,自分を優位に立たせることを願う指導者
08/27,スカイブルー,Sky Blue,#a0d8ee,深慮遠謀・ファッション感覚・行動力,どんな装いもフィットするロマンチスト
08/28,アクアグレイ,Aqua Gray,#5d9cbf,芸術・感性・想像力,どんな分野でも主役を望むクリエーター
08/29,ペールサルビアブルー,Peer Salvia Blue,#4b7cb6,かぐわしさ・献身的行為・気品,人脈づくりを得意とする慎重派
08/30,ウルトラマリーン,Ultra Marine,#356cac,母性愛・音楽・気品,心の琴線にふれる旋律を奏でる思いやりあふれる人
08/31,紫紺,しこん,#460e44,自己管理・知的権威・居丈高,人の上に立つオピニオンリーダー
09/01,フレッシュグリーン,Freshgreen,#7dbb7c,教養・繊細・慎ましさ,やさしく甘い声で語る恋愛小説のヒロイン
09/02,牧草色,ぼくそういろ,#368a56,頑固・公明正大・努力,自己犠牲をも辞さない尊敬すべき人
09/03,ホリーブリーン,Holly Green,#016257,知覚・優しさ・創作意欲,ユートピアを夢見る文学少女
09/04,ビリジャン,Billi Jean,#006b35,好奇心・スリル・自発的,冷静な判断力を持つ客観的な人
09/05,鉄色,てついろ,#005243,虚栄心・善悪の区別・秩序,少しずつ真理に近づく高潔な人
09/06,海松藍色,みるあいいろ,#003d26,自分自身・エネルギー・努力,努力を惜しまない努力家
09/07,淡水色,うすみずいろ,#6ebdc2,調和・情熱・純粋,社会の役立つことに生きがいを感じる人
09/08,アクアマリン,Aquamarine,#67b5b7,冒険・トップの素質・臨機応変,良心を信条とするまじめな人
09/09,ディープティールグリーン,Deep Tyr Gree,#006069,思いやり・礼儀・心身の健康,好奇心を持ちつづける若々しい人
09/10,鉄紺,てつこん,#17184b,冷静・自己評価・独創,陣頭指揮をふるうすぐれた経営者
09/11,ブループリュス,Blue Plus,#003221,グルメ・思想家・文才,何でもわかりやすく表現できる才人
09/12,マルベリー,Circle Berry,#282b6e,大器・指導者・感性,自分が向かっている道を知る識者
09/13,パープルネイビー,Purple Navy,#28285a,こまやかさ・洗練・独創性,絵画のように繊細なロマンチス
09/14,タン,Tan,#bf783e,着想・努力・徹底追究,疑問が明らかになるまで調べる情熱家
09/15,褐色,かっしょく,#8a3b00,意志・好奇心・経験,我の強いストレートな人
09/16,テラコッタ,Terracotta,#bd6856,心情・伝統・主義主張,豪気で大胆な考え方を示す善人
09/17,浅葱鼠,あさぎねず,#7dbb7d,沈着冷静・直観・思いやり,安定した人柄で人から頼られるしっかり者
09/18,パウダーブルー,Powder Blue,#bccddb,冷静・温厚篤実・威厳,後進の指導を得意とする温厚な人
09/19,ライラックヘイジィ,Lilachazy,#7c7684,厳格・日本的・素質の開発,厳しさを糧に円熟の域に達する努力家
09/20,ライトレモン,Light Lemon,#fffcbf,憂愁・純粋・洗練,敏感な感性を持つ素直な人
09/21,ティーグリーン,Tea Green,#e3edc8,高潔・神秘主義・孤独,気高く汚れのない神秘主義者
09/22,ブールジョン,Bour John,#edee9e,楽しい会話・快活・折り目正しさ,気持ちよい雰囲気をつくりだす朗らかな人
09/23,ジョーンシトロン,Joan Lemonade,#ebe960,公正さ・自力・自己犠牲,手ごたえを本格的に感じる野心家
09/24,鶸色,ひわいろ,#d7cf3a,勝負・好機・直観,しきたりを打破して突進する情熱家
09/25,サンオレンジ,Sun Orange,#fdb86d,配慮・構想・瞬発力,環境に影響を受けやすいナイーブな人
09/26,タンジェリンオレンジ,Tangerine Orange,#f37f44,責任感・熟考・オリジナル,模倣を嫌い独特の発想をする人
09/27,タイガーリリー,Tiger Lily,#f16f4f,生命力・先駆者・勇気,奇想天外な着想をするパイオニア
09/28,緋色,ひいろ,#d3381c,夢・尊敬・構想,崇高な雰囲気で尊敬できる人
09/29,オペラ,Opera,#e95388,天真爛漫・強靭な精神・鋭さと温かさ,ひとつのことに集中できる人
09/30,アマランスパープル,Amaranth Purple,#89438c,現実・本質・探求心,美しい場所を探し求めるロマンチスト
10/01,黄丹,おうに,#ee7948,訓練・生命力・リズム感,芸術とスポーツに秀でた活発な人
10/02,弁柄色,べんがらいろ,#8f2e14,陽気・創造・ほほえみ,誰からも愛される温かい心の持ち主
10/03,キャロットオレンジ,Carrot Orange,#ed6d35,パワー・充実・挑戦,ひとりぼっちを好まない社交的な人
10/04,フレイムオレンジ,Frame Orange,#ec5415,感性・怜悧・美貌,感情を包み隠した情熱家
10/05,丁字色,ちょうじいろ,#c78a77,保守的・義務感・責任感,気まぐれな行動を許せない合理主義者
10/06,シナモン,Cinnamon,#be8f68,体調・精神の安定・安らぎ,非凡なものが直感的にわかる人
10/07,カフェオレ,Cafe Au Lait,#946c45,知識・たくましさ・決断力,料理好きで旺盛な生活力の持ち主
10/08,煉瓦色,れんがいろ,#b55233,安楽・幸せ・自由,自然と一体化できる自由人
10/09,テラローザ,Terra Rosa,#7b411c,理論的・感受性・危険回避,新しい境地を開く驚異の人
10/10,オーカー,Ochre,#ba8b40,知力・先見の明・人間の理解,あくことなき探求心の持ち主
10/11,キャメル,Camel,#b76651,記憶力・想像力・才能,衝動的な言動をすることない正直な人
10/12,バーントシエンナ,Burnt Sienna,#823616,個性・壮大・想像力,素朴な優しさを持つ奥ゆかしい人
10/13,栗皮茶,くりかわちゃ,#6d3c32,スタミナ・神秘的・保守的,いつも音楽とともにある健康な人
10/14,セピア,Sepia,#622d18,教養・初々しさ・独創性,豊かな感性を持つ気まぐれな人
10/15,代赭,たいしゃ,#bb5520,母性愛・自己啓発・洞察力,機知に富む聡明な人
10/16,トパーズ,Topaz,#e9bc00,優等生・入念・慎重,自分らしさを出す才人
10/17,オーキッドホワイト,Orchid White,#d7d0ca,清らか・理解力・思いやり,おだやかな心で度量が大きい人
10/18,パールグレイ,Pearl Gray,#c9c9c4,活発・優美・威厳,静と動がほどよく融和した魅力の持ち主
10/19,銀鼠,ぎんねず,#afafb5,慎ましさ・礼儀・気品,思いやり深く気品に満ちた人
10/20,マウスグレイ,Mouse Gray,#7d7d7d,自然の法則・慣習・試行錯誤,着実で堅固な生活を送る平和主義者
10/21,鳩羽鼠,はとばねずみ,#9e8b8e,宗教的・禁欲・叙情性,神聖な思索で人間性を回復する人
10/22,石版色,せきばんいろ,#585c5b,文化・喧騒・都会的,仕事一途の合理主義者
10/23,芥子色,からしいろ,#d0af4c,自信・記憶力・不屈の精神,構想をじっくりと練り実現させる自信家
10/24,シーモス,Seamos,#646f2d,情熱・協力・夢,基礎となる考えがしっかりしている人
10/25,ローズグレイ,Rose Gray,#9d8e87,丁寧・敬意・静叙,控えめで慎ましく振る舞う落ち着いた人
10/26,ライトターコイズ,Light Turquoise,#548778,自力本願・指導者・活路,常に冷静で思慮深く行動する人
10/27,錆納戸,さびなんど,#476b6b,継続・安らぎ・自然,いつも新しい目標に挑戦するチャレンジャー
10/28,鳩羽紫,はとばむらさき,#6c6a6d,前向き・潔癖・気品,行動で学ぶことをモットーにする実践主義者
10/29,栗色,くりいろ,#665951,強情・健康・穏健,穏健でも自分の考えを譲らない
10/30,ビンヤード,Vineyard,#83515d,経験・目的と手段・相談相手,心配や難問の解決に力を貸す頼もしい人
10/31,ライラック,Lilac,#d1bada,機知・理論的・勇猛果敢,ものごとを成功させるために燃える情熱家
11/01,駱駝色,らくだいろ,#bf794e,経営力・自信と誇り・我慢,自信と気力に満ちた才腕をふるう人
11/02,小鹿色,こじかいろ,#8b724a,洞察力・現実派・柔軟性,何にも左右されない強い意志の持ち主
11/03,黒茶色,くろちゃいろ,#583822,公正・高潔・信頼,人からの助けを大切にできる人
11/04,トープ,Taupe,#504946,感覚・職人わざ・至高,自分の仕事に誇りを持てる自信家
11/05,チャコールグレイ,Charcoal Gray,#4e454a,信念・男性的・礼儀作法,義理人情に厚く人助けが好きな人
11/06,ジョーンドナープル,Joan Donor Pull,#ffcc7b,気くばり・予感・バランス,思考と行動のバランスをとれる人
11/07,サンフラワー,Sunflower,#feb75b,タイミング・行動のリズム・美学のセンス,ものごとを両面から見てとれる創造者
11/08,ナスタチウムオレンジ,Nastatium Orange,#f5811e,組織・バランス・協調性,人間関係の機微を心得た人
11/09,樺色,かばいろ,#cd5e3c,楽天主義・大胆・向上心,自分自身の力を信じることのできる人
11/10,タバコブラウン,Tobacco Brown,#8d6029,意地・自信・親身,打ち明け話に聞き入る優しい人
11/11,ペールクリーム,Peer Cream,#ffdfac,用意周到・創造力・静けさ,たぐいまれな品格ある感性の持ち主
11/12,砂色,すないろ,#dcd3b2,健康・熟練・芸術,努力と精進により頂点を極める人
11/13,アッシュグレイ,Ashe Gray,#9fa09e,堅実さ・公正な判断・仕事,寸暇を惜しんで仕事に励む働き者
11/14,ガンメタル,Gunmetal,#55461b,スタミナ・母性本能・組織力,感情に走らない誠実で保守的な人
11/15,墨色,すみいろ,#473a17,神秘的・強固な意志・独立心,夢や希望をいっぱい持つ情熱家
11/16,桜貝色,さくらがいいろ,#fababa,不偏的な愛・ロマンチック・上品,教養豊かな洗練された好みの人
11/17,オーキッドピンク,Orchid Pink,#da81b2,しとやか・喜び・献身,代償を求めない献身的な愛の持ち主
11/18,マーシュローズ,Marshu Rose,#b4766b,信望・挑戦・育成,知識や学問をひとつひとつ身につける博識家
11/19,クラーレット,Claret,#b1585c,教養・感性・精神力,上品であか抜けた絶世の美人
11/20,ダブグレイ,Dove Gray,#7d7b83,気まぐれ・おおらか・芸術,心身ともに燃えるような生命力の持ち主
11/21,ペールサロー,Peer Sarrau,#c8ceac,せんさく・友人・うぬぼれ,二番になることを好まない自信家
11/22,抹茶色,まっちゃいろ,#bbc8ac,信条・理想・器量,目標達成のため猛然とアクションを起こす人
11/23,灰汁色,あくいろ,#9e9478,目的意識・責任感・集中力,新しいことに意欲を燃やす挑戦者
11/24,鉛色,なまりいろ,#7b7c7d,感情回避・孤独・冷静沈着,いつも心をコントロールする傍観者
11/25,オフブラック,Off Black,#39423f,保守的・きまぐれ・厳粛,人から威厳と神秘の風貌に見られる人
11/26,ペールアプリコット,Peer Apricot,#fdb58f,温かさ・中立・芸術,社会にうまく順応する実践派
11/27,肌色,はだいろ,#fce2c4,自活力・現実主義・正直,現象から本質を導き出す理論派
11/28,サンタン,Suntan,#b47226,現実主義・実践・懐疑,十分に見定めないと気がすまない実践者
11/29,ブリックレッド,Brick Red,#8c6b4a,自信・集中力・自力,失望や落胆を嫌う慎重派
11/30,枯葉色,かれはいろ,#54513e,信念・基礎・信頼,自分をしっかりと保つことができる信念の人
12/01,亜麻色,あまいろ,#d6c6af,文化的志向・気取りや・色彩感,美しさに魅力を感じる芸術家
12/02,ハニースイート,Honey Suite,#caa980,のんき・向上心・文化,安心感を保証するものにひかれる人
12/03,栗梅,くりうめ,#852e19,本質・実践・実績,空想にふけるより実践する人
12/04,タウニーオリーブ,Tauni Olive,#5d5644,個性・毅然・社交的,大胆で勇気ある人
12/05,黒紫,くろむらさき,#4e4b3a,貯蓄・信念・慎ましさ,流行を気にしない教養の深い学者タイプ
12/06,シトロングレイ,Citron Gray,#e5cc96,才気縦横・機知・母性愛,途方もない夢を抱く感性豊かな人
12/07,ペールライムライト,Pale Lime Light,#e6d89b,屋外・外交的・気前,汗水を流して働くまじめな人
12/08,菜種油色,なたねゆいろ,#a69425,日常・泰然自若・信頼,気持ちにむらがなく信用を集める人
12/09,オイルイエロー,Oil Yellow,#b4935d,安定・冷静沈着・貫徹,困難な境遇にも動揺しないしっかり者
12/10,ブロンズ,Bronze,#ac6b25,保守的・実践派・行動力,人目につくことを嫌う控えめな人
12/11,シーシェルピンク,Sea Shell Pink,#fbbaa8,清潔・ロマンチック・かわいらしさ,身のこなしすべてに優雅さを漂わす人
12/12,鮭色,さけいろ,#f79383,ユニーク・決断力・積極性,困難を恐れず行動するアイデアマン
12/13,洗朱,あらいしゅ,#f4816f,移り気・優しさ・人間関係,人に大きな楽しみを与える気まぐれ者
12/14,朱色,しゅいろ,#eb6101,社交的・人脈・緩急自在,そこにいるだけで魅力を発散する人
12/15,バートンオレンジ,Burnt Orange,#b16268,衝動的・情緒・表現力,いつも気持ちが外に向かうスポーツタイプ
12/16,ベージュホワイト,Beige White,#fdceba,理性・忍耐・思いきり,自分の力で危機から脱却する勇者
12/17,ベージュ,Beige,#eedcb3,バランス・人なつこさ・温かさ,まわりの人を明るくする存在の人
12/18,ブラウンゴールド,Brown Gold,#b4766d,清純・感情の隠蔽・夢を追う,とりとめのない夢を追う心の温かい人
12/19,飴色,あめいろ,#deb068,学問・家庭・精神的充足,頑固で自分勝手な人を嫌う正直な人
12/20,ヒーザー,Heather,#715c61,安定感・信念・活路,楽しさを求めるユーモア人
12/21,リラ,Lilla,#e0b5d3,高尚・上品・明晰, 心身ともに洗練された人
12/22,ヘリオトロープ,Heliotrope,#9079b6,感性・高貴・若々しさ,ロマンチックな気分に満たされた人
12/23,菖蒲色,ショウブイロ,#674196,神秘的・芸術的・哲学的,おとぎの国の生活を夢見る人
12/24,エッグプラント,Egg Plant,#241b36,保守的・厳粛・安心感,まじめで真剣に行動するしっかり者
12/25,茄子紺,なすこん,#824880,心配性・審美眼・洗練,世間から目をそらす引っ込み思案な人
12/26,ゴールド,Gold,#e6b422,理想・おおらか・花形,強力な保護者になるしっかり者
12/27,サロー,Sarrau,#afb293,威厳・自己愛・自責,自分自身を財産だと思える自信家
12/28,ジョーンミエル,Joan Miel,#cb981b,誇り・見識・気まぐれ,財産に恵まれた太っ腹な人
12/29,マスタード,Mustard,#b2a280,静穏・調和・エコロジー,慈愛に満ちた世界観の持ち主
12/30,オータムリーフ,Autumnleaf,#b26724,奥義・自信・ロマンチック,多くの人の後ろ盾となる人
12/31,ターコイズブルー,Turquoise Blue,#00afcc,個性・比較・シンプル,個性的な人